Edad;1992;1993;1994;1995;1996;1997;1998;1999;2000;2001;2002;2003;2004;2005;2006;2007;2008;2009;2010;2011;2012;2013;2014;2015;2016;2017;2018;2019;2020;2021;2022;2023;2024;2025;2026;2027;2028;2029;2030;2031;2032;2033;2034;2035;2036;2037;2038;2039;2040;2041;2042;2043;2044;2045;2046;2047;2048;2049;2050
0;299.036;290.824;286.351;281.121;275.666;270.006;264.858;260.776;255.164;251.804;247.519;241.509;237.333;233.558;233.607;238.245;245.536;251.990;253.389;252.046;247.916;244.191;245.510;249.809;244.709;232.425;227.660;229.927;234.728;237.485;237.819;237.015;235.715;234.060;232.106;229.904;227.508;224.968;222.323;221.346;219.179;216.997;214.851;212.799;210.890;209.159;207.625;206.303;205.204;204.330;203.660;203.145;202.730;202.361;202.001;201.627;201.225;200.786;200.299
1;306.009;298.152;290.004;285.587;280.412;275.009;269.401;264.300;260.260;254.691;251.368;247.120;241.301;237.166;233.476;233.574;238.277;245.555;252.012;253.575;252.319;247.839;244.195;245.571;250.033;245.531;234.238;229.513;231.718;235.380;237.549;237.757;236.930;235.625;233.972;232.022;229.824;227.433;224.897;222.257;221.282;219.119;216.940;214.798;212.749;210.844;209.115;207.584;206.264;205.168;204.296;203.627;203.116;202.703;202.335;201.976;201.604;201.203;200.765
2;301.156;305.723;297.889;289.758;285.355;280.191;274.803;269.207;264.118;260.088;254.533;251.220;247.144;241.354;237.291;233.644;233.806;238.495;245.772;252.382;254.023;252.451;248.055;244.475;246.041;251.203;247.533;236.693;231.894;232.698;235.636;237.648;237.822;236.988;235.680;234.029;232.080;229.884;227.494;224.960;222.320;221.346;219.185;217.008;214.867;212.819;210.915;209.187;207.657;206.338;205.242;204.371;203.703;203.192;202.779;202.412;202.054;201.682;201.282
3;296.967;300.978;305.550;297.726;289.605;285.210;280.054;274.673;269.085;264.002;259.979;254.430;251.283;247.233;241.512;237.491;233.907;234.055;238.743;246.171;252.855;254.201;252.715;248.384;245.008;247.318;253.209;250.208;239.289;232.977;233.000;235.768;237.744;237.908;237.072;235.766;234.113;232.164;229.969;227.581;225.048;222.410;221.436;219.276;217.099;214.958;212.912;211.008;209.281;207.752;206.434;205.338;204.468;203.800;203.290;202.877;202.511;202.153;201.780
4;281.938;296.842;300.859;305.438;297.625;289.516;285.130;279.983;274.609;269.027;263.954;259.940;254.509;251.385;247.400;241.720;237.760;234.161;234.309;239.145;246.642;253.040;254.470;253.046;248.914;246.264;249.255;255.835;252.753;240.355;233.282;233.138;235.870;237.837;238.000;237.161;235.856;234.204;232.257;230.062;227.674;225.141;222.504;221.531;219.372;217.195;215.057;213.010;211.107;209.380;207.852;206.533;205.439;204.569;203.901;203.391;202.979;202.612;202.255
5;270.805;281.843;296.748;300.772;305.358;297.557;289.459;285.082;279.939;274.573;268.999;263.937;260.024;254.616;251.554;247.607;241.984;238.010;234.412;234.701;239.604;246.828;253.306;254.794;253.561;250.129;248.127;251.789;258.291;253.783;240.651;233.418;233.241;235.962;237.925;238.089;237.251;235.947;234.295;232.348;230.155;227.767;225.236;222.599;221.627;219.467;217.292;215.154;213.107;211.204;209.479;207.951;206.632;205.538;204.668;204.002;203.491;203.080;202.713
6;263.963;270.722;281.764;296.673;300.706;305.300;297.511;289.424;285.051;279.916;274.559;268.998;264.023;260.130;254.783;251.756;247.865;242.229;238.255;234.793;235.150;239.786;247.086;253.620;255.290;254.731;251.937;250.572;254.158;259.286;254.068;240.783;233.518;233.333;236.051;238.014;238.178;237.339;236.035;234.384;232.438;230.245;227.858;225.326;222.690;221.719;219.560;217.385;215.247;213.201;211.299;209.574;208.046;206.728;205.633;204.765;204.099;203.588;203.177
7;261.387;263.889;270.654;281.699;296.616;300.659;305.263;297.484;289.404;285.040;279.914;274.571;269.085;264.131;260.295;254.983;252.009;248.103;242.468;238.627;235.229;235.324;240.033;247.385;254.091;256.399;256.476;254.259;252.825;255.103;259.557;254.192;240.878;233.605;233.417;236.135;238.098;238.262;237.424;236.120;234.470;232.525;230.332;227.946;225.415;222.779;221.808;219.649;217.476;215.338;213.293;211.390;209.666;208.137;206.821;205.727;204.858;204.192;203.682
8;261.890;261.317;263.826;270.598;281.653;296.578;300.631;305.242;297.472;289.401;285.046;279.934;274.657;269.190;264.291;260.489;255.227;252.241;248.335;242.828;239.048;235.396;235.559;240.318;247.831;255.141;258.083;258.693;256.408;253.727;255.362;259.674;254.279;240.959;233.686;233.495;236.214;238.177;238.342;237.503;236.201;234.551;232.606;230.415;228.028;225.498;222.863;221.893;219.734;217.560;215.423;213.379;211.477;209.752;208.225;206.908;205.814;204.946;204.280
9;262.867;261.824;261.260;263.777;270.559;281.624;296.556;300.618;305.234;297.472;289.413;285.073;280.016;274.758;269.344;264.476;260.724;255.450;252.462;248.679;243.232;239.203;235.615;235.827;240.740;248.825;256.748;260.159;260.705;257.251;253.967;255.470;259.755;254.351;241.031;233.758;233.568;236.288;238.251;238.416;237.577;236.275;234.626;232.681;230.491;228.104;225.575;222.941;221.971;219.813;217.639;215.502;213.457;211.557;209.833;208.305;206.988;205.896;205.026
10;261.821;262.803;261.768;261.215;263.743;270.537;281.609;296.548;300.614;305.237;297.486;289.443;285.148;280.108;274.901;269.518;264.698;260.932;255.658;252.788;249.061;243.377;239.410;235.867;236.228;241.685;250.354;258.716;262.067;261.503;257.475;254.066;255.544;259.821;254.417;241.099;233.825;233.635;236.354;238.318;238.483;237.645;236.343;234.695;232.750;230.560;228.175;225.646;223.011;222.042;219.885;217.712;215.575;213.531;211.630;209.907;208.379;207.064;205.970
11;257.813;261.758;262.749;261.723;261.182;263.723;270.526;281.606;296.546;300.620;305.248;297.516;289.508;285.231;280.241;275.064;269.725;264.894;261.129;255.967;253.152;249.192;243.567;239.644;236.243;237.121;243.159;252.204;260.508;262.813;261.710;257.567;254.132;255.602;259.877;254.474;241.158;233.885;233.696;236.415;238.379;238.544;237.708;236.406;234.758;232.815;230.624;228.240;225.711;223.078;222.108;219.951;217.779;215.642;213.600;211.699;209.976;208.449;207.133
12;253.890;257.749;261.702;262.701;261.688;261.161;263.712;270.522;281.606;296.548;300.631;305.275;297.574;289.584;285.357;280.395;275.263;269.912;265.084;261.430;256.322;253.275;249.373;243.790;240.006;237.112;238.565;244.977;253.965;261.239;263.013;261.795;257.625;254.186;255.654;259.928;254.526;241.212;233.941;233.752;236.471;238.435;238.602;237.764;236.464;234.817;232.873;230.684;228.301;225.773;223.139;222.170;220.015;217.842;215.706;213.664;211.764;210.040;208.515
13;252.492;253.820;257.688;261.649;262.659;261.661;261.145;263.704;270.518;281.607;296.555;300.652;305.326;297.643;289.706;285.507;280.592;275.449;270.098;265.387;261.789;256.434;253.444;249.584;244.138;240.851;238.540;240.339;246.696;254.675;261.425;263.086;261.845;257.671;254.231;255.698;259.970;254.571;241.259;233.990;233.801;236.521;238.486;238.652;237.816;236.516;234.869;232.927;230.738;228.355;225.828;223.196;222.226;220.071;217.899;215.765;213.722;211.823;210.101
14;253.367;252.412;253.750;257.626;261.598;262.622;261.635;261.130;263.694;270.514;281.608;296.570;300.698;305.389;297.763;289.859;285.710;280.783;275.641;270.414;265.763;261.889;256.591;253.642;249.918;244.967;242.256;240.288;242.033;247.390;254.852;261.490;263.127;261.879;257.705;254.266;255.733;260.007;254.608;241.300;234.032;233.845;236.564;238.529;238.697;237.861;236.562;234.915;232.973;230.786;228.404;225.878;223.246;222.278;220.123;217.952;215.818;213.776;211.878
15;255.845;253.270;252.326;253.673;257.561;261.547;262.584;261.608;261.109;263.680;270.508;281.616;296.612;300.759;305.504;297.915;290.067;285.905;280.980;275.973;270.812;265.844;262.027;256.772;253.955;250.717;246.398;243.947;241.926;242.698;247.550;254.901;261.516;263.147;261.898;257.726;254.290;255.757;260.031;254.634;241.330;234.064;233.877;236.598;238.562;238.730;237.896;236.597;234.952;233.011;230.825;228.443;225.918;223.288;222.320;220.166;217.996;215.862;213.822
16;257.318;255.728;253.165;252.233;253.594;257.495;261.494;262.541;261.574;261.082;263.664;270.509;281.657;296.668;300.876;305.656;298.126;290.267;286.106;281.325;276.391;270.884;265.977;262.205;257.091;254.794;252.414;248.178;245.672;242.620;242.859;247.595;254.919;261.527;263.157;261.908;257.739;254.303;255.772;260.045;254.651;241.351;234.090;233.903;236.623;238.588;238.757;237.924;236.626;234.982;233.043;230.858;228.478;225.953;223.324;222.357;220.205;218.035;215.903
17;256.609;257.179;255.601;253.052;252.135;253.514;257.427;261.436;262.490;261.533;261.055;263.656;270.552;281.716;296.789;301.036;305.878;298.334;290.478;286.480;281.776;276.486;271.057;266.208;262.617;258.168;257.159;254.634;250.331;246.540;242.825;242.920;247.624;254.938;261.543;263.171;261.925;257.759;254.326;255.795;260.069;254.677;241.383;234.124;233.939;236.659;238.625;238.795;237.962;236.666;235.024;233.085;230.901;228.523;226.001;223.373;222.407;220.255;218.087
18;252.485;256.448;257.031;255.467;252.937;252.039;253.433;257.357;261.372;262.436;261.493;261.038;263.710;270.628;281.866;296.979;301.297;306.115;298.574;290.907;287.000;281.939;276.757;271.408;266.816;264.164;261.610;260.287;257.667;251.565;246.845;242.929;242.982;247.674;254.983;261.586;263.215;261.970;257.807;254.377;255.847;260.121;254.733;241.445;234.190;234.006;236.727;238.693;238.864;238.033;236.738;235.097;233.161;230.978;228.601;226.080;223.454;222.490;220.339
19;247.284;252.306;256.280;256.878;255.333;252.825;251.944;253.352;257.283;261.306;262.384;261.465;261.118;263.819;270.830;282.118;297.310;301.601;306.416;299.104;291.551;287.259;282.348;277.274;272.278;268.982;268.831;265.921;264.466;259.382;252.008;247.014;243.041;243.080;247.768;255.074;261.673;263.304;262.061;257.901;254.475;255.947;260.219;254.836;241.554;234.304;234.121;236.842;238.809;238.981;238.151;236.858;235.218;233.284;231.103;228.728;226.209;223.585;222.621
20;242.942;247.091;252.124;256.109;256.726;255.204;252.716;251.851;253.269;257.209;261.245;262.350;261.576;261.268;264.082;271.157;282.545;297.697;301.984;307.066;299.890;291.900;287.794;283.020;278.387;275.013;274.775;274.276;271.200;266.643;259.958;252.241;247.175;243.187;243.223;247.906;255.210;261.808;263.440;262.199;258.044;254.621;256.094;260.366;254.987;241.712;234.466;234.285;237.006;238.973;239.146;238.318;237.026;235.389;233.456;231.277;228.904;226.387;223.765
21;241.576;242.737;246.898;251.944;255.946;256.585;255.085;252.615;251.762;253.191;257.144;261.206;262.488;261.760;261.584;264.476;271.668;283.014;298.156;302.749;307.978;300.316;292.548;288.601;284.344;281.620;281.720;281.153;280.458;273.756;267.329;260.244;252.443;247.360;243.368;243.401;248.084;255.386;261.984;263.616;262.379;258.227;254.807;256.281;260.554;255.177;241.911;234.669;234.490;237.211;239.178;239.353;238.526;237.236;235.601;233.670;231.494;229.122;226.607
22;242.731;241.363;242.540;246.713;251.776;255.798;256.460;254.975;252.521;251.681;253.126;257.106;261.361;262.690;262.107;262.017;265.039;272.190;283.528;298.994;303.747;308.482;301.073;293.491;290.137;288.073;289.022;289.028;288.238;283.395;274.555;267.667;260.485;252.664;247.577;243.587;243.621;248.302;255.603;262.200;263.833;262.598;258.450;255.033;256.509;260.781;255.409;242.149;234.912;234.735;237.455;239.424;239.600;238.775;237.487;235.853;233.924;231.749;229.380
23;245.764;242.508;241.159;242.353;246.544;251.628;255.668;256.346;254.877;252.438;251.616;253.091;257.271;261.573;263.052;262.558;262.608;265.590;272.736;284.414;300.038;304.345;309.359;302.161;295.257;294.396;296.002;297.291;297.043;291.567;284.308;274.947;267.952;260.747;252.921;247.837;243.847;243.884;248.565;255.864;262.460;264.094;262.861;258.717;255.304;256.779;261.052;255.684;242.432;235.200;235.024;237.746;239.714;239.891;239.067;237.782;236.149;234.222;232.049
24;248.014;245.531;242.298;240.968;242.185;246.396;251.498;255.552;256.243;254.789;252.371;251.584;253.262;257.490;261.943;263.512;263.162;263.173;266.152;273.651;285.495;300.731;305.350;310.591;304.151;300.047;302.707;305.237;306.242;300.768;292.596;284.754;275.273;268.251;261.041;253.220;248.138;244.154;244.191;248.871;256.168;262.762;264.398;263.168;259.027;255.619;257.094;261.366;256.003;242.759;235.531;235.356;238.078;240.047;240.225;239.403;238.119;236.489;234.563
25;248.555;247.771;245.311;242.100;240.796;242.037;246.267;251.382;255.447;256.151;254.718;252.336;251.757;253.487;257.869;262.412;264.126;263.737;263.748;267.090;274.761;286.269;301.836;306.702;312.757;309.354;308.582;312.624;314.850;310.246;301.876;293.081;285.109;275.600;268.572;261.365;253.549;248.472;244.491;244.529;249.208;256.504;263.097;264.734;263.506;259.369;255.964;257.442;261.713;256.353;243.117;235.894;235.721;238.442;240.411;240.591;239.771;238.488;236.860
26;247.634;248.305;247.544;245.105;241.922;240.646;241.909;246.154;251.276;255.352;256.075;254.680;252.511;251.986;253.874;258.346;263.033;264.706;264.318;264.697;268.218;275.587;287.447;303.263;308.987;318.226;317.922;318.839;322.566;318.988;311.388;302.374;293.445;285.442;275.931;268.905;261.702;253.893;248.821;244.842;244.882;249.562;256.856;263.447;265.084;263.860;259.727;256.324;257.803;262.073;256.719;243.489;236.272;236.100;238.821;240.791;240.971;240.153;238.872
27;245.869;247.383;248.075;247.333;244.920;241.765;240.515;241.795;246.049;251.181;255.274;256.032;254.847;252.734;252.369;254.350;258.963;263.608;265.279;265.260;265.820;269.055;276.782;288.897;305.574;314.529;326.578;328.093;328.698;326.663;320.110;311.869;302.721;293.763;285.757;276.249;269.229;262.032;254.230;249.164;245.188;245.231;249.909;257.202;263.792;265.430;264.209;260.080;256.681;258.160;262.431;257.079;243.858;236.645;236.474;239.196;241.166;241.348;240.531
28;243.199;245.617;247.149;247.860;247.142;244.756;241.627;240.395;241.688;245.952;251.099;255.222;256.187;255.054;253.098;252.825;254.949;259.521;264.161;266.193;266.350;266.635;270.226;278.208;291.175;311.034;322.509;336.396;337.610;332.641;327.727;320.555;312.184;303.010;294.048;286.047;276.546;269.533;262.343;254.548;249.487;245.516;245.561;250.238;257.528;264.116;265.757;264.537;260.412;257.017;258.497;262.767;257.421;244.207;236.998;236.830;239.551;241.522;241.705
29;239.397;242.943;245.379;246.928;247.659;246.966;244.605;241.496;240.280;241.584;245.863;251.040;255.354;256.368;255.387;253.522;253.388;255.474;260.041;265.024;267.225;267.118;267.748;271.587;280.392;296.428;318.544;331.831;345.423;341.333;333.629;328.125;320.832;312.435;303.260;294.304;286.308;276.816;269.810;262.627;254.839;249.783;245.817;245.864;250.541;257.829;264.415;266.057;264.840;260.719;257.327;258.808;263.078;257.736;244.530;237.327;237.159;239.882;241.853
30;234.427;239.135;242.696;245.147;246.715;247.470;246.799;244.458;241.365;240.163;241.485;245.793;251.150;255.508;256.665;255.770;254.038;253.870;255.953;260.848;265.990;267.935;268.156;269.024;273.649;285.379;303.474;327.330;340.337;348.912;342.239;333.979;328.362;321.045;312.645;303.477;294.529;286.540;277.057;270.058;262.883;255.102;250.051;246.089;246.138;250.815;258.101;264.685;266.327;265.114;260.997;257.608;259.091;263.360;258.023;244.825;237.627;237.461;240.182
31;228.784;234.159;238.883;242.455;244.925;246.512;247.287;246.634;244.307;241.231;240.049;241.402;245.881;251.278;255.770;257.007;256.239;254.476;254.308;256.706;261.750;266.623;268.870;269.314;270.915;278.253;291.894;311.558;335.147;343.528;349.712;342.527;334.165;328.526;321.209;312.815;303.654;294.716;286.736;277.262;270.269;263.101;255.328;250.283;246.326;246.377;251.052;258.337;264.920;266.563;265.351;261.239;257.855;259.338;263.606;258.273;245.084;237.892;237.726
32;223.321;228.513;233.901;238.633;242.221;244.708;246.316;247.104;246.464;244.154;241.100;239.951;241.469;245.989;251.512;256.076;257.433;256.634;254.873;255.008;257.550;262.303;267.450;269.898;271.012;275.098;284.222;299.209;318.632;338.009;344.220;349.930;342.654;334.275;328.636;321.325;312.941;303.787;294.860;286.888;277.424;270.439;263.278;255.512;250.472;246.521;246.574;251.248;258.530;265.112;266.756;265.547;261.439;258.059;259.543;263.810;258.482;245.302;238.115
33;218.868;223.042;228.246;233.644;238.388;241.993;244.496;246.116;246.916;246.290;243.999;240.979;239.991;241.549;246.188;251.780;256.453;257.779;256.981;255.508;255.782;258.014;263.015;268.340;271.393;274.751;280.540;290.770;305.541;321.178;338.592;344.376;349.995;342.706;334.331;328.696;321.394;313.021;303.878;294.960;286.997;277.543;270.567;263.414;255.656;250.621;246.674;246.730;251.404;258.683;265.262;266.908;265.702;261.599;258.222;259.707;263.974;258.650;245.480
34;214.887;218.577;222.764;227.976;233.386;238.144;241.762;244.278;245.907;246.719;246.111;243.852;240.980;240.033;241.705;246.407;252.098;256.739;258.064;257.533;256.191;256.174;258.634;263.797;269.671;274.774;279.757;286.519;296.554;307.851;321.688;338.702;344.402;349.997;342.713;334.346;328.720;321.428;313.065;303.934;295.027;287.072;277.629;270.660;263.515;255.765;250.737;246.795;246.853;251.526;258.803;265.380;267.026;265.824;261.725;258.353;259.839;264.105;258.786
35;210.779;214.580;218.283;222.480;227.702;233.125;237.894;241.524;244.048;245.689;246.516;245.936;243.810;240.979;240.138;241.871;246.664;252.323;256.962;258.527;258.113;256.514;256.709;259.321;264.985;272.731;279.412;285.233;291.819;298.657;308.298;321.766;338.691;344.372;349.959;342.685;334.329;328.711;321.430;313.077;303.958;295.060;287.117;277.683;270.722;263.585;255.844;250.823;246.885;246.945;251.618;258.892;265.467;267.115;265.915;261.821;258.453;259.940;264.206
36;205.809;210.454;214.268;217.982;222.191;227.426;232.860;237.638;241.275;243.809;245.465;246.319;245.855;243.765;241.034;240.252;242.071;246.837;252.492;257.346;259.016;258.370;256.967;257.304;260.378;267.757;276.993;284.426;290.084;293.724;299.039;308.343;321.731;338.629;344.303;349.889;342.623;334.280;328.672;321.402;313.061;303.952;295.066;287.132;277.709;270.758;263.629;255.896;250.881;246.950;247.012;251.683;258.954;265.527;267.177;265.980;261.891;258.527;260.014
37;200.373;205.468;210.124;213.948;217.676;221.901;227.146;232.588;237.373;241.019;243.565;245.247;246.206;245.774;243.778;241.103;240.405;242.203;246.965;252.817;257.766;259.204;258.734;257.461;258.218;262.845;271.630;281.500;288.785;291.770;294.031;299.044;308.280;321.642;338.522;344.195;349.781;342.528;334.198;328.599;321.339;313.010;303.913;295.039;287.115;277.704;270.761;263.641;255.918;250.909;246.983;247.048;251.718;258.986;265.557;267.207;266.013;261.930;258.570
38;194.740;200.016;205.123;209.786;213.623;217.367;221.605;226.858;232.303;237.096;240.754;243.323;245.103;246.091;245.746;243.802;241.209;240.493;242.290;247.240;253.178;257.885;259.479;259.126;258.232;260.385;266.296;275.673;285.404;290.265;292.001;293.993;298.946;308.161;321.511;338.377;344.047;349.634;342.393;334.077;328.488;321.240;312.923;303.839;294.977;287.063;277.663;270.730;263.620;255.906;250.904;246.984;247.051;251.721;258.985;265.553;267.204;266.014;261.936
39;188.985;194.367;199.652;204.764;209.441;213.293;217.048;221.296;226.554;232.005;236.806;240.486;243.146;244.951;246.018;245.720;243.853;241.246;240.534;242.508;247.539;253.232;258.072;259.769;259.752;260.104;263.453;269.896;279.148;286.689;290.420;291.913;293.855;298.794;308.001;321.339;338.190;343.861;349.448;342.221;333.917;328.340;321.104;312.801;303.729;294.879;286.977;277.590;270.666;263.566;255.862;250.867;246.953;247.024;251.691;258.953;265.517;267.170;265.984
40;182.003;188.593;193.983;199.276;204.399;209.089;212.954;216.721;220.975;226.239;231.698;236.519;240.270;242.953;244.829;245.939;245.710;243.832;241.232;240.686;242.741;247.534;253.346;258.272;260.269;261.365;262.842;266.646;272.979;280.255;286.773;290.283;291.732;293.666;298.599;307.801;321.128;337.966;343.636;349.223;342.009;333.721;328.155;320.931;312.642;303.584;294.748;286.857;277.483;270.570;263.479;255.786;250.800;246.892;246.965;251.630;258.888;265.451;267.105
41;174.138;181.597;188.192;193.590;198.892;204.025;208.727;212.602;216.376;220.641;225.912;231.388;236.270;240.039;242.788;244.701;245.874;245.633;243.760;241.319;240.851;242.679;247.579;253.466;258.655;261.644;263.813;265.651;269.359;273.917;280.273;286.589;290.059;291.502;293.435;298.365;307.562;320.879;337.703;343.373;348.959;341.760;333.487;327.933;320.723;312.447;303.405;294.582;286.705;277.344;270.442;263.362;255.680;250.700;246.800;246.876;251.541;258.794;265.353
42;160.624;173.719;181.180;187.779;193.184;198.499;203.641;208.350;212.234;216.015;220.289;225.579;231.107;236.003;239.831;242.615;244.586;245.745;245.508;243.784;241.420;240.733;242.661;247.630;253.753;259.837;263.829;266.316;268.069;270.158;273.881;280.051;286.327;289.786;291.232;293.166;298.097;307.288;320.593;337.402;343.072;348.658;341.475;333.218;327.676;320.481;312.219;303.193;294.385;286.520;277.174;270.284;263.216;255.545;250.574;246.681;246.760;251.423;258.672
43;151.791;160.202;173.285;180.745;187.349;192.763;198.086;203.235;207.950;211.841;215.634;219.927;225.261;230.800;235.751;239.609;242.445;244.402;245.562;245.464;243.812;241.240;240.651;242.646;247.830;254.762;261.769;266.095;268.502;268.754;270.069;273.623;279.753;286.017;289.476;290.924;292.864;297.794;306.979;320.272;337.065;342.734;348.319;341.152;332.912;327.384;320.203;311.959;302.948;294.155;286.306;276.976;270.097;263.040;255.382;250.421;246.535;246.617;251.278
44;148.420;151.351;159.759;172.825;180.286;186.893;192.316;197.643;202.797;207.517;211.418;215.229;219.560;224.907;230.494;235.472;239.376;242.198;244.157;245.444;245.410;243.569;241.093;240.571;242.769;248.699;256.485;263.851;268.098;269.088;268.613;269.775;273.294;279.413;285.669;289.132;290.583;292.526;297.457;306.633;319.915;336.690;342.359;347.943;340.793;332.573;327.058;319.893;311.665;302.672;293.896;286.061;276.747;269.880;262.837;255.192;250.240;246.363;246.448
45;142.950;147.948;150.892;159.291;172.340;179.803;186.413;191.839;197.170;202.325;207.055;210.973;214.813;219.158;224.547;230.157;235.175;239.066;241.888;243.961;245.306;245.102;243.350;240.942;240.614;243.502;250.232;258.393;265.681;268.587;268.891;268.274;269.410;272.921;279.035;285.287;288.751;290.208;292.156;297.085;306.256;319.523;336.280;341.947;347.531;340.400;332.197;326.698;319.550;311.339;302.364;293.605;285.787;276.490;269.638;262.607;254.976;250.035;246.166
46;136.538;142.459;147.463;150.415;158.807;171.839;179.299;185.906;191.334;196.667;201.828;206.570;210.511;214.365;218.751;224.160;229.804;234.806;238.696;241.619;243.746;244.939;244.815;243.126;240.900;241.212;244.879;251.956;260.041;266.068;268.332;268.503;267.867;268.998;272.509;278.621;284.867;288.333;289.795;291.748;296.676;305.839;319.091;335.829;341.495;347.078;339.965;331.784;326.300;319.170;310.977;302.021;293.282;285.480;276.201;269.364;262.347;254.731;249.801
47;130.763;136.037;141.959;146.962;149.925;158.309;171.318;178.773;185.377;190.805;196.141;201.313;206.071;210.023;213.914;218.320;223.762;229.389;234.385;238.367;241.337;243.317;244.580;244.512;242.987;241.348;242.416;246.408;253.413;260.328;265.752;267.889;268.042;267.408;268.544;272.057;278.165;284.408;287.876;289.344;291.301;296.228;305.382;318.620;335.335;341.000;346.582;339.490;331.330;325.862;318.750;310.579;301.643;292.923;285.138;275.879;269.057;262.056;254.455
48;125.531;130.244;135.520;141.438;146.443;149.414;157.790;170.773;178.218;184.817;190.247;195.593;200.772;205.537;209.526;213.436;217.872;223.299;228.918;233.995;238.020;240.843;242.884;244.194;244.273;243.274;242.392;243.707;247.642;253.588;259.951;265.255;267.371;267.527;266.903;268.044;271.558;277.663;283.902;287.372;288.846;290.807;295.734;304.878;318.099;334.792;340.456;346.036;338.965;330.828;325.378;318.286;310.135;301.221;292.522;284.756;275.518;268.712;261.728
49;121.389;124.986;129.702;134.974;140.887;145.895;148.874;157.235;170.189;177.625;184.220;189.659;195.005;200.189;204.984;208.989;212.930;217.353;222.772;228.465;233.576;237.460;240.337;242.420;243.860;244.410;244.138;243.465;244.736;247.710;253.153;259.403;264.681;266.797;266.961;266.346;267.496;271.011;277.112;283.346;286.817;288.298;290.265;295.190;304.324;317.527;334.196;339.857;345.435;338.388;330.275;324.844;317.773;309.644;300.755;292.078;284.331;275.116;268.327
50;117.587;120.809;124.412;129.125;134.394;140.303;145.312;148.298;156.643;169.564;176.992;183.589;189.022;194.370;199.577;204.385;208.417;212.347;216.766;222.251;227.971;232.953;236.882;239.797;241.997;243.864;245.123;244.997;244.292;244.691;247.213;252.554;258.777;264.047;266.167;266.342;265.740;266.896;270.414;276.510;282.739;286.212;287.699;289.672;294.594;303.718;316.901;333.543;339.202;344.779;337.756;329.670;324.257;317.209;309.105;300.240;291.586;283.862;274.670
51;114.187;116.974;120.202;123.807;128.520;133.786;139.689;144.695;147.685;156.013;168.903;176.328;182.909;188.341;193.709;198.925;203.752;207.772;211.699;216.181;221.689;227.292;232.310;236.270;239.291;241.884;244.439;245.818;245.661;244.147;244.130;246.565;251.884;258.095;263.359;265.485;265.671;265.083;266.245;269.764;275.854;282.078;285.554;287.048;289.025;293.946;303.058;316.220;332.833;338.490;344.065;337.068;329.009;323.617;316.593;308.515;299.677;291.049;283.346
52;110.708;113.540;116.337;119.568;123.176;127.887;133.148;139.043;144.043;147.039;155.349;168.210;175.613;182.185;187.632;193.007;198.237;203.051;207.067;211.052;215.558;220.957;226.590;231.631;235.684;239.060;242.342;244.961;246.310;245.405;243.513;243.425;245.847;251.156;257.358;262.620;264.752;264.950;264.375;265.545;269.066;275.151;281.369;284.846;286.346;288.330;293.249;302.348;315.487;332.070;337.724;343.296;336.326;328.296;322.927;315.929;307.878;299.067;290.467
53;107.212;110.025;112.867;115.668;118.902;122.512;127.218;132.471;138.354;143.347;146.349;154.644;167.455;174.844;181.425;186.876;192.262;197.478;202.286;206.355;210.365;214.772;220.199;225.850;230.974;235.346;239.403;242.707;245.294;245.947;244.695;242.746;242.654;245.078;250.381;256.576;261.834;263.973;264.181;263.620;264.799;268.322;274.400;280.611;284.090;285.597;287.586;292.503;301.588;314.703;331.254;336.904;342.473;335.533;327.533;322.188;315.216;307.193;298.412
54;103.539;106.488;109.309;112.152;114.956;118.192;121.803;126.501;131.740;137.610;142.593;145.604;153.866;166.635;174.024;180.603;186.065;191.437;196.646;201.499;205.593;209.516;213.954;219.399;225.120;230.525;235.567;239.593;242.868;244.820;245.158;243.853;241.912;241.830;244.258;249.556;255.743;260.997;263.142;263.363;262.817;264.005;267.528;273.599;279.804;283.285;284.800;286.794;291.707;300.778;313.868;330.383;336.030;341.596;334.686;326.718;321.398;314.454;306.462
55;99.686;102.773;105.725;108.545;111.389;114.195;117.432;121.037;125.721;130.946;136.798;141.776;144.781;153.020;165.758;173.137;179.718;185.167;190.531;195.779;200.652;204.668;208.623;213.082;218.590;224.559;230.625;235.593;239.587;242.282;243.945;244.232;242.935;241.013;240.948;243.379;248.671;254.851;260.099;262.252;262.486;261.955;263.152;266.676;272.740;278.938;282.419;283.941;285.942;290.851;299.906;312.968;329.447;335.089;340.651;333.773;325.840;320.545;313.632
56;96.461;98.880;101.965;104.914;107.730;110.574;113.379;116.610;120.206;124.874;130.082;135.915;140.882;143.895;152.120;164.813;172.187;178.747;184.188;189.587;194.850;199.648;203.693;207.669;212.188;217.912;224.538;230.479;235.415;238.883;241.315;242.928;243.220;241.943;240.044;239.995;242.432;247.718;253.889;259.132;261.290;261.539;261.024;262.231;265.755;271.811;278.000;281.482;283.013;285.019;289.925;298.962;311.995;328.433;334.071;339.629;332.784;324.888;319.621
57;94.120;95.611;98.032;101.110;104.052;106.865;109.703;112.502;115.724;119.310;123.959;129.149;134.969;139.929;142.959;151.158;163.810;171.156;177.699;183.169;188.579;193.768;198.587;202.651;206.682;211.391;217.767;224.220;230.124;234.587;237.817;240.206;241.819;242.124;240.870;238.998;238.966;241.409;246.689;252.850;258.086;260.253;260.515;260.018;261.234;264.759;270.805;276.985;280.469;282.007;284.020;288.922;297.939;310.939;327.334;332.967;338.520;331.712;323.855
58;93.179;93.217;94.716;97.133;100.201;103.135;105.939;108.770;111.560;114.773;118.343;122.974;128.160;133.962;138.923;141.964;150.141;162.727;170.049;176.608;182.088;187.426;192.631;197.461;201.575;205.780;211.121;217.291;223.707;229.184;233.428;236.615;239.001;240.624;240.948;239.720;237.874;237.860;240.309;245.581;251.730;256.961;259.133;259.411;258.932;260.158;263.684;269.720;275.890;279.374;280.921;282.939;287.837;296.834;309.799;326.147;331.774;337.321;330.552
59;92.941;92.200;92.263;93.765;96.176;99.232;102.154;104.950;107.769;110.550;113.749;117.306;121.936;127.107;132.901;137.854;140.910;149.047;161.570;168.897;175.454;180.866;186.214;191.428;196.301;200.573;205.388;210.508;216.643;222.668;227.938;232.139;235.323;237.712;239.349;239.692;238.491;236.673;236.679;239.133;244.398;250.534;255.757;257.938;258.231;257.770;259.007;262.534;268.558;274.716;278.201;279.756;281.783;286.673;295.649;308.575;324.873;330.493;336.034
60;93.028;91.868;91.164;91.244;92.750;95.153;98.195;101.104;103.889;106.696;109.467;112.652;116.218;120.834;125.998;131.774;136.725;139.778;147.878;160.361;167.677;174.162;179.582;184.936;190.185;195.195;200.066;204.632;209.724;215.503;221.339;226.563;230.754;233.939;236.336;237.985;238.348;237.174;235.388;235.413;237.873;243.128;249.252;254.466;256.654;256.964;256.523;257.772;261.297;267.310;273.455;276.940;278.505;280.537;285.421;294.373;307.259;323.502;329.115
61;92.715;91.851;90.735;90.061;90.162;91.669;94.066;97.091;99.988;102.758;105.555;108.316;111.513;115.072;119.682;124.830;130.591;135.523;138.578;146.662;159.086;166.322;172.801;178.224;183.604;188.970;194.564;199.158;203.701;208.478;214.084;219.872;225.078;229.263;232.453;234.859;236.520;236.905;235.762;234.007;234.053;236.519;241.764;247.873;253.078;255.273;255.601;255.181;256.440;259.965;265.965;272.095;275.581;277.154;279.193;284.072;292.996;305.838;322.023
62;91.532;91.437;90.614;89.539;88.899;89.022;90.532;92.919;95.929;98.812;101.573;104.360;107.135;110.326;113.885;118.480;123.613;129.341;134.254;137.333;145.384;157.680;164.897;171.361;176.799;182.274;188.200;193.493;198.065;202.331;206.961;212.522;218.286;223.480;227.661;230.854;233.268;234.944;235.351;234.238;232.519;232.585;235.058;240.292;246.383;251.578;253.782;254.127;253.730;255.001;258.524;264.508;270.625;274.109;275.693;277.739;282.609;291.504;304.298
63;89.112;90.163;90.104;89.321;88.288;87.685;87.830;89.343;91.722;94.717;97.588;100.340;103.136;105.909;109.100;112.651;117.230;122.331;128.028;132.939;136.026;143.980;156.201;163.389;169.851;175.367;181.362;187.002;192.265;196.578;200.709;205.302;210.840;216.584;221.766;225.940;229.137;231.560;233.250;233.679;232.600;230.917;231.006;233.485;238.705;244.780;249.963;252.173;252.538;252.163;253.447;256.969;262.936;269.036;272.519;274.113;276.165;281.026;289.890
64;84.940;87.669;88.737;88.709;87.971;86.983;86.416;86.586;88.104;90.476;93.456;96.313;99.074;101.864;104.637;107.819;111.361;115.910;120.980;126.659;131.552;134.593;142.499;154.635;161.804;168.319;174.326;180.033;185.639;190.654;194.840;198.938;203.517;209.035;214.759;219.927;224.095;227.295;229.727;231.432;231.885;230.840;229.195;229.308;231.793;236.999;243.054;248.223;250.441;250.827;250.477;251.772;255.291;261.242;267.322;270.803;272.408;274.468;279.318
65;79.679;83.438;86.154;87.238;87.244;86.550;85.610;85.081;85.277;86.799;89.164;92.127;94.990;97.742;100.528;103.293;106.466;109.987;114.506;119.556;125.202;130.032;133.074;140.925;152.981;160.181;167.155;172.869;178.537;183.906;188.793;192.946;197.033;201.598;207.095;212.798;217.948;222.111;225.313;227.754;229.474;229.952;228.944;227.340;227.479;229.968;235.158;241.190;246.344;248.571;248.977;248.652;249.962;253.478;259.408;265.467;268.946;270.561;272.628
66;74.127;78.118;81.840;84.542;85.641;85.682;85.033;84.144;83.656;83.878;85.405;87.763;90.726;93.574;96.319;99.095;101.855;105.009;108.510;113.010;118.028;123.600;128.405;131.445;139.247;151.264;158.903;165.537;171.209;176.668;181.918;186.766;190.903;194.980;199.530;205.006;210.684;215.817;219.970;223.174;225.624;227.359;227.863;226.894;225.333;225.498;227.993;233.164;239.172;244.310;246.543;246.971;246.675;247.998;251.509;257.416;263.453;266.930;268.554
67;68.116;72.506;76.447;80.129;82.811;83.927;84.005;83.404;82.568;82.123;82.374;83.903;86.269;89.215;92.052;94.787;97.557;100.303;103.439;106.931;111.403;116.352;121.886;126.662;129.710;137.502;149.874;157.143;163.721;169.205;174.555;179.760;184.583;188.708;192.772;197.307;202.757;208.407;213.520;217.665;220.868;223.326;225.077;225.608;224.681;223.164;223.357;225.857;231.009;236.989;242.108;244.349;244.799;244.532;245.869;249.376;255.257;261.268;264.740
68;62.367;66.448;70.771;74.654;78.292;80.953;82.085;82.202;81.653;80.873;80.469;80.750;82.303;84.660;87.592;90.415;93.142;95.897;98.632;101.763;105.240;109.651;114.566;120.056;124.811;127.903;136.074;147.995;155.194;161.590;166.973;172.277;177.448;182.247;186.356;190.408;194.925;200.346;205.967;211.056;215.189;218.394;220.860;222.626;223.185;222.301;220.832;221.054;223.558;228.687;234.636;239.734;241.983;242.458;242.220;243.571;247.072;252.926;258.908
69;56.887;60.673;64.685;68.933;72.756;76.343;78.983;80.130;80.285;79.789;79.066;78.710;79.038;80.599;82.951;85.865;88.675;91.388;94.130;96.864;99.983;103.417;107.797;112.675;118.128;122.891;126.385;134.170;145.947;152.966;159.251;164.582;169.848;174.987;179.760;183.852;187.890;192.387;197.776;203.363;208.426;212.547;215.750;218.224;220.005;220.595;219.754;218.337;218.588;221.097;226.200;232.116;237.190;239.445;239.945;239.739;241.104;244.597;250.420
70;52.139;55.195;58.910;62.846;67.016;70.775;74.310;76.924;78.085;78.280;77.838;77.175;76.884;77.247;78.817;81.159;84.055;86.845;89.543;92.280;95.005;98.089;101.505;105.850;110.694;116.131;121.226;124.429;132.116;143.648;150.543;156.759;162.047;167.272;172.375;177.119;181.192;185.214;189.687;195.041;200.592;205.627;209.732;212.933;215.414;217.210;217.829;217.036;215.670;215.952;218.463;223.539;229.419;234.467;236.728;237.254;237.081;238.461;241.945
71;48.075;50.462;53.461;57.100;60.957;65.047;68.738;72.219;74.806;75.981;76.215;75.829;75.240;75.000;75.399;76.974;79.304;82.176;84.942;87.630;90.351;93.048;96.115;99.507;103.817;108.643;114.337;119.156;122.334;129.832;141.162;147.969;154.120;159.362;164.544;169.607;174.319;178.372;182.374;186.822;192.138;197.649;202.651;206.740;209.936;212.422;214.234;214.883;214.139;212.829;213.142;215.655;220.700;226.539;231.558;233.825;234.377;234.238;235.632
72;44.627;46.405;48.751;51.689;55.250;59.027;63.032;66.655;70.077;72.637;73.825;74.099;73.779;73.253;73.063;73.495;75.071;77.384;80.224;82.971;85.640;88.328;91.007;94.050;97.419;101.706;106.753;112.180;116.937;120.013;127.368;138.524;145.245;151.327;156.519;161.653;166.674;171.350;175.379;179.358;183.777;189.052;194.517;199.486;203.553;206.743;209.234;211.061;211.742;211.047;209.794;210.141;212.655;217.666;223.460;228.446;230.718;231.297;231.194
73;41.395;42.940;44.693;46.993;49.868;53.349;57.041;60.960;64.511;67.875;70.405;71.605;71.928;71.663;71.199;71.058;71.521;73.093;75.385;78.198;80.917;83.548;86.214;88.872;91.890;95.246;99.714;104.522;109.866;114.500;117.518;124.756;135.732;142.365;148.372;153.510;158.593;163.566;168.202;172.204;176.159;180.546;185.773;191.190;196.119;200.163;203.345;205.841;207.681;208.394;207.752;206.558;206.938;209.451;214.424;220.170;225.120;227.396;228.002
74;38.307;39.675;41.200;42.924;45.176;47.985;51.381;54.985;58.814;62.289;65.590;68.088;69.307;69.668;69.461;69.059;68.968;69.459;71.027;73.299;76.078;78.754;81.359;83.999;86.635;89.641;93.162;97.404;102.136;107.347;111.893;114.878;121.995;132.785;139.320;145.247;150.325;155.353;160.273;164.865;168.837;172.763;177.114;182.290;187.654;192.539;196.557;199.729;202.225;204.079;204.824;204.235;203.104;203.517;206.030;210.960;216.653;221.563;223.841
75;35.275;36.548;37.897;39.397;41.089;43.292;46.031;49.336;52.848;56.580;59.975;63.209;65.678;66.904;67.307;67.159;66.820;66.778;67.299;68.867;71.115;73.845;76.488;79.066;81.681;84.310;87.453;90.788;94.958;99.567;104.668;109.139;112.093;119.084;129.672;136.104;141.944;146.958;151.924;156.786;161.329;165.267;169.161;173.471;178.591;183.896;188.733;192.721;195.879;198.377;200.242;201.019;200.487;199.420;199.868;202.376;207.260;212.894;217.760
76;32.479;33.484;34.736;36.063;37.537;39.194;41.341;44.004;47.215;50.626;54.256;57.566;60.731;63.159;64.397;64.840;64.752;64.478;64.485;65.041;66.605;68.817;71.507;74.117;76.668;79.271;82.014;85.001;88.280;92.332;96.834;101.835;106.230;109.151;116.006;126.378;132.698;138.444;143.387;148.286;153.085;157.574;161.473;165.330;169.597;174.654;179.892;184.677;188.631;191.773;194.269;196.145;196.955;196.480;195.480;195.963;198.466;203.298;208.868
77;29.848;30.669;31.662;32.889;34.190;35.629;37.246;39.333;41.915;45.023;48.327;51.844;55.068;58.154;60.538;61.784;62.268;62.237;62.029;62.091;62.679;64.224;66.409;69.056;71.631;74.165;76.849;79.472;82.406;85.583;89.531;93.938;98.834;103.148;106.030;112.740;122.881;129.079;134.723;139.588;144.411;149.141;153.570;157.426;161.241;165.457;170.445;175.612;180.337;184.252;187.375;189.867;191.752;192.595;192.180;191.248;191.768;194.262;199.038
78;27.389;28.031;28.844;29.818;31.016;32.284;33.686;35.256;37.274;39.765;42.759;45.946;49.353;52.478;55.480;57.813;59.065;59.586;59.612;59.474;59.590;60.194;61.729;63.883;66.486;69.031;71.618;74.194;76.767;79.607;82.701;86.556;90.865;95.651;99.874;102.716;109.267;119.158;125.224;130.756;135.537;140.278;144.930;149.292;153.098;156.868;161.026;165.938;171.026;175.684;179.555;182.655;185.139;187.032;187.907;187.554;186.696;187.251;189.735
79;24.879;25.579;26.218;27.016;27.966;29.127;30.356;31.713;33.229;35.171;37.562;40.432;43.505;46.787;49.808;52.717;54.997;56.249;56.803;56.891;56.821;56.968;57.601;59.122;61.241;63.800;66.375;68.854;71.374;73.865;76.628;79.651;83.412;87.613;92.279;96.404;99.199;105.579;115.203;121.126;126.537;131.222;135.873;140.439;144.727;148.478;152.194;156.288;161.117;166.115;170.699;174.520;177.593;180.066;181.965;182.872;182.584;181.801;182.393
80;22.363;23.089;23.776;24.406;25.184;26.105;27.224;28.407;29.713;31.170;33.028;35.311;38.068;41.014;44.167;47.075;49.886;52.103;53.348;53.940;54.085;54.053;54.250;54.905;56.411;58.495;61.059;63.521;65.938;68.375;70.798;73.491;76.440;80.099;84.185;88.720;92.741;95.482;101.679;111.016;116.783;122.061;126.643;131.194;135.666;139.872;143.560;147.214;151.237;155.972;160.874;165.375;169.139;172.178;174.636;176.538;177.476;177.253;176.548
81;19.863;20.600;21.305;21.975;22.592;23.348;24.237;25.312;26.448;27.699;29.095;30.866;33.055;35.687;38.501;41.516;44.304;47.004;49.150;50.391;51.010;51.177;51.204;51.442;52.117;53.605;55.697;58.139;60.531;62.863;65.225;67.584;70.205;73.073;76.622;80.584;84.980;88.885;91.567;97.568;106.596;112.196;117.330;121.798;126.240;130.608;134.721;138.338;141.926;145.870;150.501;155.295;159.704;163.404;166.404;168.843;170.743;171.712;171.554
82;17.412;18.139;18.848;19.530;20.182;20.786;21.518;22.374;23.405;24.493;25.691;27.023;28.721;30.801;33.301;35.975;38.844;41.499;44.080;46.153;47.376;47.985;48.194;48.270;48.546;49.239;50.746;52.740;55.100;57.395;59.646;61.937;64.228;66.771;69.550;72.982;76.809;81.054;84.836;87.452;93.242;101.942;107.361;112.338;116.684;121.005;125.259;129.272;132.810;136.322;140.177;144.695;149.370;153.678;157.305;160.259;162.674;164.569;165.566
83;15.099;15.753;16.445;17.126;17.783;18.415;19.005;19.713;20.536;21.521;22.561;23.704;24.980;26.588;28.555;30.914;33.442;36.151;38.664;41.124;43.109;44.275;44.892;45.134;45.256;45.564;46.311;47.749;49.674;51.928;54.131;56.304;58.518;60.735;63.192;65.875;69.180;72.864;76.948;80.596;83.139;88.705;97.055;102.279;107.088;111.299;115.490;119.620;123.521;126.971;130.398;134.155;138.549;143.094;147.291;150.836;153.738;156.122;158.009
84;12.977;13.540;14.159;14.816;15.466;16.096;16.704;17.275;17.956;18.743;19.679;20.668;21.756;22.959;24.472;26.319;28.532;30.903;33.444;35.812;38.135;40.000;41.124;41.741;42.010;42.171;42.552;43.275;44.668;46.500;48.653;50.767;52.857;54.989;57.125;59.489;62.070;65.238;68.769;72.681;76.186;78.649;83.976;91.955;96.973;101.601;105.665;109.715;113.709;117.489;120.843;124.176;127.825;132.082;136.487;140.562;144.016;146.858;149.205
85;11.081;11.546;12.075;12.656;13.276;13.888;14.486;15.066;15.613;16.261;17.005;17.888;18.821;19.840;20.968;22.381;24.103;26.162;28.367;30.739;32.951;35.115;36.872;37.947;38.554;38.845;39.089;39.466;40.187;41.516;43.265;45.317;47.337;49.338;51.380;53.430;55.695;58.165;61.190;64.558;68.289;71.643;74.018;79.093;86.684;91.483;95.918;99.826;103.724;107.572;111.220;114.467;117.697;121.229;125.340;129.592;133.534;136.889;139.662
86;9.384;9.784;10.217;10.709;11.250;11.826;12.399;12.958;13.503;14.019;14.628;15.324;16.148;17.015;17.965;19.013;20.323;21.914;23.814;25.855;28.049;30.094;32.105;33.746;34.765;35.360;35.719;35.973;36.368;37.071;38.341;40.005;41.953;43.876;45.782;47.729;49.686;51.845;54.200;57.073;60.271;63.813;67.006;69.287;74.101;81.288;85.856;90.088;93.831;97.565;101.257;104.766;107.897;111.015;114.419;118.372;122.462;126.261;129.506
87;7.849;8.209;8.577;8.976;9.428;9.925;10.454;10.981;11.497;12.001;12.480;13.042;13.689;14.450;15.251;16.127;17.094;18.298;19.759;21.500;23.374;25.387;27.268;29.123;30.645;31.609;32.233;32.595;32.876;33.277;33.964;35.175;36.752;38.589;40.408;42.214;44.061;45.919;47.968;50.200;52.916;55.938;59.283;62.308;64.489;69.032;75.801;80.129;84.149;87.715;91.278;94.805;98.162;101.169;104.166;107.433;111.219;115.136;118.780
88;6.473;6.787;7.113;7.447;7.810;8.219;8.669;9.147;9.625;10.093;10.553;10.991;11.510;12.104;12.801;13.536;14.338;15.223;16.321;17.652;19.235;20.942;22.776;24.494;26.194;27.600;28.538;29.147;29.524;29.818;30.225;30.895;32.044;33.528;35.250;36.960;38.663;40.404;42.160;44.093;46.197;48.750;51.589;54.731;57.583;59.656;63.920;70.261;74.339;78.138;81.519;84.903;88.255;91.452;94.327;97.193;100.315;103.922;107.655
89;5.247;5.521;5.800;6.092;6.392;6.716;7.082;7.483;7.909;8.335;8.756;9.168;9.571;10.045;10.587;11.219;11.887;12.616;13.420;14.413;15.614;17.044;18.584;20.242;21.801;23.351;24.663;25.552;26.146;26.522;26.828;27.239;27.888;28.971;30.358;31.964;33.562;35.155;36.789;38.436;40.249;42.220;44.606;47.257;50.192;52.864;54.824;58.803;64.707;68.529;72.099;75.287;78.481;81.650;84.680;87.413;90.141;93.109;96.530
90;4.212;4.411;4.649;4.895;5.153;5.417;5.703;6.026;6.378;6.753;7.129;7.501;7.874;8.240;8.670;9.158;9.728;10.329;10.985;11.707;12.599;13.676;14.954;16.332;17.819;19.224;20.640;21.852;22.686;23.249;23.623;23.942;24.351;24.973;25.985;27.274;28.761;30.245;31.727;33.247;34.783;36.472;38.308;40.523;42.983;45.706;48.194;50.037;53.727;59.189;62.749;66.083;69.073;72.071;75.050;77.903;80.488;83.070;85.875
91;3.343;3.487;3.656;3.863;4.077;4.301;4.532;4.781;5.061;5.367;5.695;6.021;6.351;6.686;7.016;7.400;7.837;8.344;8.880;9.465;10.109;10.901;11.856;12.989;14.211;15.536;16.803;18.086;19.189;19.957;20.491;20.862;21.185;21.587;22.180;23.120;24.307;25.674;27.040;28.410;29.815;31.237;32.799;34.497;36.539;38.807;41.317;43.618;45.339;48.738;53.758;57.053;60.146;62.932;65.729;68.511;71.184;73.612;76.042
92;2.620;2.722;2.844;2.989;3.166;3.349;3.542;3.739;3.954;4.195;4.457;4.738;5.023;5.315;5.611;5.905;6.246;6.631;7.078;7.550;8.066;8.634;9.333;10.170;11.164;12.241;13.419;14.553;15.702;16.691;17.394;17.897;18.259;18.582;18.972;19.530;20.395;21.480;22.727;23.976;25.230;26.519;27.827;29.261;30.819;32.689;34.765;37.061;39.174;40.769;43.878;48.459;51.487;54.339;56.916;59.508;62.090;64.576;66.842
93;2.007;2.095;2.180;2.283;2.407;2.555;2.710;2.874;3.042;3.224;3.428;3.649;3.890;4.138;4.392;4.652;4.909;5.208;5.544;5.933;6.345;6.796;7.291;7.899;8.626;9.491;10.441;11.479;12.479;13.490;14.373;15.013;15.483;15.832;16.147;16.519;17.039;17.828;18.811;19.939;21.072;22.211;23.384;24.575;25.882;27.300;28.999;30.883;32.968;34.894;36.360;39.182;43.330;46.092;48.702;51.070;53.453;55.831;58.126
94;1.497;1.573;1.645;1.717;1.803;1.906;2.030;2.158;2.294;2.434;2.586;2.757;2.944;3.150;3.363;3.582;3.805;4.029;4.286;4.576;4.910;5.264;5.654;6.082;6.604;7.230;7.982;8.809;9.712;10.581;11.466;12.246;12.823;13.256;13.587;13.889;14.242;14.720;15.432;16.315;17.325;18.342;19.368;20.426;21.503;22.681;23.962;25.491;27.187;29.063;30.803;32.142;34.682;38.407;40.906;43.274;45.431;47.605;49.780
95;1.082;1.147;1.209;1.268;1.328;1.399;1.484;1.584;1.688;1.800;1.914;2.039;2.183;2.340;2.513;2.693;2.878;3.068;3.259;3.478;3.725;4.008;4.309;4.642;5.006;5.450;5.988;6.633;7.343;8.115;8.864;9.633;10.317;10.831;11.226;11.534;11.819;12.146;12.581;13.218;14.003;14.898;15.803;16.717;17.661;18.624;19.678;20.823;22.187;23.700;25.372;26.931;28.140;30.406;33.721;35.961;38.091;40.040;42.007
96;766;809;862;911;960;1.008;1.065;1.132;1.213;1.296;1.386;1.478;1.581;1.700;1.830;1.973;2.123;2.277;2.436;2.597;2.780;2.987;3.224;3.476;3.755;4.064;4.440;4.896;5.442;6.041;6.695;7.335;7.994;8.586;9.039;9.393;9.676;9.939;10.238;10.630;11.192;11.882;12.669;13.464;14.271;15.104;15.957;16.889;17.902;19.106;20.440;21.918;23.300;24.382;26.383;29.304;31.293;33.190;34.933
97;528;558;592;633;672;710;749;794;847;909;975;1.046;1.120;1.204;1.301;1.407;1.524;1.645;1.772;1.903;2.036;2.187;2.357;2.552;2.760;2.993;3.252;3.565;3.946;4.400;4.900;5.449;5.989;6.548;7.053;7.446;7.759;8.014;8.253;8.524;8.870;9.361;9.960;10.642;11.334;12.036;12.764;13.511;14.326;15.212;16.263;17.429;18.718;19.930;20.887;22.635;25.183;26.929;28.601
98;354;374;397;423;454;485;514;544;579;619;667;718;774;834;900;977;1.062;1.155;1.253;1.355;1.460;1.568;1.691;1.830;1.989;2.159;2.353;2.567;2.825;3.134;3.505;3.918;4.371;4.820;5.287;5.713;6.049;6.321;6.547;6.761;7.000;7.304;7.726;8.239;8.823;9.416;10.021;10.650;11.294;11.999;12.765;13.671;14.676;15.789;16.839;17.676;19.186;21.380;22.897
99;231;243;258;276;296;319;342;364;386;412;443;480;518;562;609;661;721;787;861;937;1.018;1.104;1.190;1.288;1.399;1.531;1.675;1.830;2.004;2.206;2.455;2.754;3.089;3.459;3.827;4.210;4.564;4.849;5.082;5.278;5.467;5.675;5.936;6.295;6.729;7.222;7.726;8.240;8.774;9.324;9.925;10.579;11.351;12.208;13.158;14.056;14.779;16.068;17.937
100+;395;420;446;477;512;553;599;650;703;759;820;886;965;1.054;1.156;1.268;1.394;1.537;1.697;1.876;2.073;2.289;2.524;2.774;3.047;3.353;3.703;4.081;4.494;4.941;5.443;6.029;6.716;7.515;8.427;9.428;10.513;11.643;12.757;13.823;14.826;15.776;16.703;17.653;18.700;19.883;21.222;22.692;24.277;25.969;27.763;29.680;31.736;34.002;36.503;39.265;42.199;45.136;48.526
